INSERT INTO patient (rut, name) VALUES

('000000001', 'Paciente 1'),
('000000002', 'Paciente 2'),
('000000003', 'Paciente 3'),
('000000004', 'Paciente 4'),
('000000005', 'Paciente 5');

--

INSERT INTO medic (rut, name, area) VALUES

('100000000', 'Medico 1', 'Especialidad 1'),
('200000000', 'Medico 2', 'Especialidad 2'),
('300000000', 'Medico 3', 'Especialidad 3'),
('400000000', 'Medico 4', 'Especialidad 4'),
('500000000', 'Medico 5', 'Especialidad 5');

--

INSERT INTO block (start, finish) VALUES

('2023-10-03 00:00:00', '2023-10-03 01:00:00'),
('2023-10-03 01:00:00', '2023-10-03 02:00:00'),
('2023-10-03 02:00:00', '2023-10-03 03:00:00'),
('2023-10-03 03:00:00', '2023-10-03 04:00:00'),
('2023-10-03 04:00:00', '2023-10-03 05:00:00'),
('2023-10-03 05:00:00', '2023-10-03 06:00:00'),
('2023-10-03 06:00:00', '2023-10-03 07:00:00'),
('2023-10-03 07:00:00', '2023-10-03 08:00:00'),
('2023-10-03 08:00:00', '2023-10-03 09:00:00'),
('2023-10-03 09:00:00', '2023-10-03 10:00:00'),
('2023-10-03 10:00:00', '2023-10-03 11:00:00'),
('2023-10-03 11:00:00', '2023-10-03 12:00:00'),
('2023-10-03 12:00:00', '2023-10-03 13:00:00'),
('2023-10-03 13:00:00', '2023-10-03 14:00:00'),
('2023-10-03 14:00:00', '2023-10-03 15:00:00'),
('2023-10-03 15:00:00', '2023-10-03 16:00:00'),
('2023-10-03 16:00:00', '2023-10-03 17:00:00'),
('2023-10-03 17:00:00', '2023-10-03 18:00:00'),
('2023-10-03 18:00:00', '2023-10-03 19:00:00'),
('2023-10-03 19:00:00', '2023-10-03 20:00:00'),
('2023-10-03 20:00:00', '2023-10-03 21:00:00'),
('2023-10-03 21:00:00', '2023-10-03 22:00:00'),
('2023-10-03 22:00:00', '2023-10-03 23:00:00'),
('2023-10-03 23:00:00', '2023-10-04 00:00:00');

--

INSERT INTO agenda (rutM, start) VALUES

('100000000', '2023-10-03 00:00:00'),
('100000000', '2023-10-03 07:00:00'),
('100000000', '2023-10-03 20:00:00'),

('200000000', '2023-10-03 08:00:00'),
('200000000', '2023-10-03 12:00:00'),
('200000000', '2023-10-03 13:00:00'),
('200000000', '2023-10-03 21:00:00'),

('400000000', '2023-10-03 12:00:00'),
('400000000', '2023-10-03 19:00:00');